{
  "format_version": "1.12",
  "minecraft:recipe_shaped": {
    "description": {
    "identifier": "minecraft:barrier"
    },

    
    "tags": [ "crafting_table" ],
    "pattern": [
      "232",
      "313",
      "232"
    ],
    "key": {
      "1": {
        "item": "minecraft:command_block"
      },
      "2": {
        "item": "minecraft:redstone_block"
      },
      "3": {
        "item": "minecraft:glass"
      }
    },
    "result": {
      "item": "minecraft:barrier",
      "count": 1
    }
  }
}
